-- MySQL dump 10.13  Distrib 5.6.35, for osx10.9 (x86_64)
--
-- Host: localhost    Database: xtremedb
-- ------------------------------------------------------
-- Server version	5.6.35

/*!40101 SET @OLD_CHARACTER_SET_CLIENT=@@CHARACTER_SET_CLIENT */;
/*!40101 SET @OLD_CHARACTER_SET_RESULTS=@@CHARACTER_SET_RESULTS */;
/*!40101 SET @OLD_COLLATION_CONNECTION=@@COLLATION_CONNECTION */;
/*!40101 SET NAMES utf8 */;
/*!40103 SET @OLD_TIME_ZONE=@@TIME_ZONE */;
/*!40103 SET TIME_ZONE='+00:00' */;
/*!40014 SET @OLD_UNIQUE_CHECKS=@@UNIQUE_CHECKS, UNIQUE_CHECKS=0 */;
/*!40014 SET @OLD_FOREIGN_KEY_CHECKS=@@FOREIGN_KEY_CHECKS, FOREIGN_KEY_CHECKS=0 */;
/*!40101 SET @OLD_SQL_MODE=@@SQL_MODE, SQL_MODE='NO_AUTO_VALUE_ON_ZERO' */;
/*!40111 SET @OLD_SQL_NOTES=@@SQL_NOTES, SQL_NOTES=0 */;

DROP DATABASE IF EXISTS xtremedb;
CREATE database xtremedb;
USE xtremedb;

-- DROP USER IF EXISTS 'xtreme'@'localhost' ;
CREATE USER 'xtreme'@'localhost' identified by 'xtreme';
GRANT SELECT, INSERT, UPDATE, DELETE on xtremedb.* to xtreme;
--
-- Table structure for table `category`
--

DROP TABLE IF EXISTS `category`;
/*!40101 SET @saved_cs_client     = @@character_set_client */;
/*!40101 SET character_set_client = utf8 */;
CREATE TABLE `category` (
  `id` int(11) NOT NULL AUTO_INCREMENT,
  `name` varchar(50) NOT NULL,
  PRIMARY KEY (`id`),
  UNIQUE KEY `name` (`name`)
) ENGINE=InnoDB AUTO_INCREMENT=6 DEFAULT CHARSET=utf8;
/*!40101 SET character_set_client = @saved_cs_client */;

--
-- Dumping data for table `category`
--

LOCK TABLES `category` WRITE;
/*!40000 ALTER TABLE `category` DISABLE KEYS */;
INSERT INTO `category` VALUES (5,'biking'),(4,'diving'),(3,'heli-skiing'),(2,'mountaineering'),(1,'skydiving');
/*!40000 ALTER TABLE `category` ENABLE KEYS */;
UNLOCK TABLES;

--
-- Table structure for table `comment`
--

DROP TABLE IF EXISTS `comment`;
/*!40101 SET @saved_cs_client     = @@character_set_client */;
/*!40101 SET character_set_client = utf8 */;
CREATE TABLE `comment` (
  `id` int(11) NOT NULL AUTO_INCREMENT,
  `name` varchar(50) DEFAULT NULL,
  `content` text,
  `post_id` int(11) NOT NULL,
  PRIMARY KEY (`id`),
  KEY `post_id` (`post_id`),
  CONSTRAINT `comment_ibfk_1` FOREIGN KEY (`post_id`) REFERENCES `post` (`id`)
) ENGINE=InnoDB AUTO_INCREMENT=4 DEFAULT CHARSET=utf8;
/*!40101 SET character_set_client = @saved_cs_client */;

--
-- Dumping data for table `comment`
--

LOCK TABLES `comment` WRITE;
/*!40000 ALTER TABLE `comment` DISABLE KEYS */;
INSERT INTO `comment` VALUES (1,'Augustus Gibbons','This seems dangerous',1),(2,'Augustus Gibbons','This seems dangerous too',34),(3,'John Simmons','Can I jump solo?',1);
/*!40000 ALTER TABLE `comment` ENABLE KEYS */;
UNLOCK TABLES;

--
-- Table structure for table `post`
--

DROP TABLE IF EXISTS `post`;
/*!40101 SET @saved_cs_client     = @@character_set_client */;
/*!40101 SET character_set_client = utf8 */;
CREATE TABLE `post` (
  `id` int(11) NOT NULL AUTO_INCREMENT,
  `title` varchar(100) NOT NULL,
  `name` varchar(50) NOT NULL,
  `email` varchar(100) NOT NULL,
  `description` text NOT NULL,
  `price` decimal(10,0) NOT NULL,
  `image_url` varchar(255) DEFAULT NULL,
  `brand` varchar(45) DEFAULT NULL,
  `category_id` int(11) DEFAULT NULL,
  `created_at` timestamp NOT NULL DEFAULT CURRENT_TIMESTAMP,
  `updated_at` datetime NOT NULL DEFAULT CURRENT_TIMESTAMP ON UPDATE CURRENT_TIMESTAMP,
  PRIMARY KEY (`id`),
  KEY `category_id` (`category_id`),
  CONSTRAINT `post_ibfk_1` FOREIGN KEY (`category_id`) REFERENCES `category` (`id`)
) ENGINE=InnoDB AUTO_INCREMENT=91 DEFAULT CHARSET=utf8;
/*!40101 SET character_set_client = @saved_cs_client */;

--
-- Dumping data for table `post`
--

LOCK TABLES `post` WRITE;
/*!40000 ALTER TABLE `post` DISABLE KEYS */;
INSERT INTO `post` VALUES (1,'Xtreme Single Engine','Xander Cage','Xman@ier.com','Lorem ipsum dolor sit amet consectetur adipiscing elit. Vivamus dictum nunc nisl sit amet porttitor est convallis non. Ut commodo rutrum lacus non congue. Nullam sodales sed mi quis consectetur. Phasellus euismod mi ornare pellentesque congue. Phasellus scelerisque nisl ut venenatis facilisis. Sed ut euismod odio. Phasellus vitae eros eget augue tempus blandit in lobortis lacus.',6000,'https://i2.wp.com/www.thelostgirlsguide.com/wp-content/uploads/DSC_3138_-1.jpg','Air Time',1,'2018-03-01 07:00:00','2018-03-02 08:51:16'),(2,'Military insertion','Xander Cage','Xman@ier.com','Lorem ipsum dolor sit amet consectetur adipiscing elit. Vivamus dictum nunc nisl sit amet porttitor est convallis non. Ut commodo rutrum lacus non congue. Nullam sodales sed mi quis consectetur. Phasellus euismod mi ornare pellentesque congue. Phasellus scelerisque nisl ut venenatis facilisis. Sed ut euismod odio. Phasellus vitae eros eget augue tempus blandit in lobortis lacus.',6000,'https://i.ytimg.com/vi/adEgeThzG8Y/maxresdefault.jpg','Air Time',1,'2018-03-01 07:00:00','2018-03-02 08:57:23'),(3,'HALO','Xander Cage','Xman@ier.com','Lorem ipsum dolor sit amet consectetur adipiscing elit. Vivamus dictum nunc nisl sit amet porttitor est convallis non. Ut commodo rutrum lacus non congue. Nullam sodales sed mi quis consectetur. Phasellus euismod mi ornare pellentesque congue. Phasellus scelerisque nisl ut venenatis facilisis. Sed ut euismod odio. Phasellus vitae eros eget augue tempus blandit in lobortis lacus.',6000,'https://nebula.wsimg.com/obj/REQyRTE0Q0U0MzU2QjZDQTU2MjI6YWFmYzkxMGY1YTQ2ZWY4ZjEzMjVhNDhlZDNmYzA2NzI6Ojo6OjA=','Air Time',1,'2018-03-01 07:00:00','2018-03-02 09:04:58'),(4,'Seal Team Six','Xander Cage','Xman@ier.com','Lorem ipsum dolor sit amet consectetur adipiscing elit. Vivamus dictum nunc nisl sit amet porttitor est convallis non. Ut commodo rutrum lacus non congue. Nullam sodales sed mi quis consectetur. Phasellus euismod mi ornare pellentesque congue. Phasellus scelerisque nisl ut venenatis facilisis. Sed ut euismod odio. Phasellus vitae eros eget augue tempus blandit in lobortis lacus.',6000,NULL,'Air Time',1,'2018-03-01 07:00:00','2018-03-01 00:00:00'),(5,'Escape and Evasion','Xander Cage','Xman@ier.com','Lorem ipsum dolor sit amet consectetur adipiscing elit. Vivamus dictum nunc nisl sit amet porttitor est convallis non. Ut commodo rutrum lacus non congue. Nullam sodales sed mi quis consectetur. Phasellus euismod mi ornare pellentesque congue. Phasellus scelerisque nisl ut venenatis facilisis. Sed ut euismod odio. Phasellus vitae eros eget augue tempus blandit in lobortis lacus.',6000,NULL,'Air Time',1,'2018-03-01 07:00:00','2018-03-01 00:00:00'),(6,'Behind Enemy Lines','Xander Cage','Xman@ier.com','Lorem ipsum dolor sit amet consectetur adipiscing elit. Vivamus dictum nunc nisl sit amet porttitor est convallis non. Ut commodo rutrum lacus non congue. Nullam sodales sed mi quis consectetur. Phasellus euismod mi ornare pellentesque congue. Phasellus scelerisque nisl ut venenatis facilisis. Sed ut euismod odio. Phasellus vitae eros eget augue tempus blandit in lobortis lacus.',4000,'http://iwatchstuff.com/2015/09/16/behind-enemy-wilsons.jpg','Air Time',1,'2018-03-01 07:00:00','2018-03-02 09:06:21'),(7,'Moonraker 101','Xander Cage','Xman@ier.com','Lorem ipsum dolor sit amet consectetur adipiscing elit. Vivamus dictum nunc nisl sit amet porttitor est convallis non. Ut commodo rutrum lacus non congue. Nullam sodales sed mi quis consectetur. Phasellus euismod mi ornare pellentesque congue. Phasellus scelerisque nisl ut venenatis facilisis. Sed ut euismod odio. Phasellus vitae eros eget augue tempus blandit in lobortis lacus.',4000,NULL,'Air Time',1,'2018-03-01 07:00:00','2018-03-01 00:00:00'),(8,'Tom Cruise Special','Xander Cage','Xman@ier.com','Lorem ipsum dolor sit amet consectetur adipiscing elit. Vivamus dictum nunc nisl sit amet porttitor est convallis non. Ut commodo rutrum lacus non congue. Nullam sodales sed mi quis consectetur. Phasellus euismod mi ornare pellentesque congue. Phasellus scelerisque nisl ut venenatis facilisis. Sed ut euismod odio. Phasellus vitae eros eget augue tempus blandit in lobortis lacus.',4000,'https://i.stack.imgur.com/ZOStV.jpg','Air Time',1,'2018-03-01 07:00:00','2018-03-02 09:07:22'),(9,'Squirrel Suit Extravaganza','Xander Cage','Xman@ier.com','Lorem ipsum dolor sit amet consectetur adipiscing elit. Vivamus dictum nunc nisl sit amet porttitor est convallis non. Ut commodo rutrum lacus non congue. Nullam sodales sed mi quis consectetur. Phasellus euismod mi ornare pellentesque congue. Phasellus scelerisque nisl ut venenatis facilisis. Sed ut euismod odio. Phasellus vitae eros eget augue tempus blandit in lobortis lacus.',4000,NULL,'Air Time',1,'2018-03-01 07:00:00','2018-03-01 00:00:00'),(10,'Hit the target','Xander Cage','Xman@ier.com','Lorem ipsum dolor sit amet consectetur adipiscing elit. Vivamus dictum nunc nisl sit amet porttitor est convallis non. Ut commodo rutrum lacus non congue. Nullam sodales sed mi quis consectetur. Phasellus euismod mi ornare pellentesque congue. Phasellus scelerisque nisl ut venenatis facilisis. Sed ut euismod odio. Phasellus vitae eros eget augue tempus blandit in lobortis lacus.',10000,NULL,'Air Time',1,'2018-03-01 07:00:00','2018-03-01 00:00:00'),(11,'Don\'t Go Splat','Xander Cage','Xman@ier.com','Lorem ipsum dolor sit amet consectetur adipiscing elit. Vivamus dictum nunc nisl sit amet porttitor est convallis non. Ut commodo rutrum lacus non congue. Nullam sodales sed mi quis consectetur. Phasellus euismod mi ornare pellentesque congue. Phasellus scelerisque nisl ut venenatis facilisis. Sed ut euismod odio. Phasellus vitae eros eget augue tempus blandit in lobortis lacus.',10000,NULL,'Out Of This World',1,'2018-03-01 07:00:00','2018-03-01 00:00:00'),(12,'Team Jumping for Dummies','Xander Cage','Xman@ier.com','Lorem ipsum dolor sit amet consectetur adipiscing elit. Vivamus dictum nunc nisl sit amet porttitor est convallis non. Ut commodo rutrum lacus non congue. Nullam sodales sed mi quis consectetur. Phasellus euismod mi ornare pellentesque congue. Phasellus scelerisque nisl ut venenatis facilisis. Sed ut euismod odio. Phasellus vitae eros eget augue tempus blandit in lobortis lacus.',10000,'http://nymag.com/daily/entertainment/2009/09/16/images/20090916_swayze_560x300.jpg','Out Of This World',1,'2018-03-01 07:00:00','2018-03-02 14:54:52'),(13,'Make Shapes','Xander Cage','Xman@ier.com','Lorem ipsum dolor sit amet consectetur adipiscing elit. Vivamus dictum nunc nisl sit amet porttitor est convallis non. Ut commodo rutrum lacus non congue. Nullam sodales sed mi quis consectetur. Phasellus euismod mi ornare pellentesque congue. Phasellus scelerisque nisl ut venenatis facilisis. Sed ut euismod odio. Phasellus vitae eros eget augue tempus blandit in lobortis lacus.',10000,'https://laughingsquid.com/wp-content/uploads/2015/10/202-skydivers-set-the-world-reco.jpg','Out Of This World',1,'2018-03-01 07:00:00','2018-03-02 09:09:26'),(14,'Chutes are for wimps','Xander Cage','Xman@ier.com','Lorem ipsum dolor sit amet consectetur adipiscing elit. Vivamus dictum nunc nisl sit amet porttitor est convallis non. Ut commodo rutrum lacus non congue. Nullam sodales sed mi quis consectetur. Phasellus euismod mi ornare pellentesque congue. Phasellus scelerisque nisl ut venenatis facilisis. Sed ut euismod odio. Phasellus vitae eros eget augue tempus blandit in lobortis lacus.',10000,'http://skydiveperris.com/wp-content/uploads/2014/12/First-Time-Skydiving-Los-Angeles.jpg','Out Of This World',1,'2018-03-01 07:00:00','2018-03-02 09:04:13'),(15,'Mile High club','Xander Cage','Xman@ier.com','Lorem ipsum dolor sit amet consectetur adipiscing elit. Vivamus dictum nunc nisl sit amet porttitor est convallis non. Ut commodo rutrum lacus non congue. Nullam sodales sed mi quis consectetur. Phasellus euismod mi ornare pellentesque congue. Phasellus scelerisque nisl ut venenatis facilisis. Sed ut euismod odio. Phasellus vitae eros eget augue tempus blandit in lobortis lacus.',10000,NULL,'Out Of This World',1,'2018-03-01 07:00:00','2018-03-01 00:00:00'),(16,'Red Light Green Light','Xander Cage','Xman@ier.com','Lorem ipsum dolor sit amet consectetur adipiscing elit. Vivamus dictum nunc nisl sit amet porttitor est convallis non. Ut commodo rutrum lacus non congue. Nullam sodales sed mi quis consectetur. Phasellus euismod mi ornare pellentesque congue. Phasellus scelerisque nisl ut venenatis facilisis. Sed ut euismod odio. Phasellus vitae eros eget augue tempus blandit in lobortis lacus.',10000,NULL,'Out Of This World',1,'2018-03-01 07:00:00','2018-03-01 00:00:00'),(17,'80s Action Movie Special','Xander Cage','Xman@ier.com','Lorem ipsum dolor sit amet consectetur adipiscing elit. Vivamus dictum nunc nisl sit amet porttitor est convallis non. Ut commodo rutrum lacus non congue. Nullam sodales sed mi quis consectetur. Phasellus euismod mi ornare pellentesque congue. Phasellus scelerisque nisl ut venenatis facilisis. Sed ut euismod odio. Phasellus vitae eros eget augue tempus blandit in lobortis lacus.',10000,NULL,'Out Of This World',1,'2018-03-01 07:00:00','2018-03-01 00:00:00'),(18,'Penultimate Experience','Xander Cage','Xman@ier.com','Lorem ipsum dolor sit amet consectetur adipiscing elit. Vivamus dictum nunc nisl sit amet porttitor est convallis non. Ut commodo rutrum lacus non congue. Nullam sodales sed mi quis consectetur. Phasellus euismod mi ornare pellentesque congue. Phasellus scelerisque nisl ut venenatis facilisis. Sed ut euismod odio. Phasellus vitae eros eget augue tempus blandit in lobortis lacus.',10000,NULL,'Out Of This World',1,'2018-03-01 07:00:00','2018-03-01 00:00:00'),(19,'Felix Baumgartner Experience','Xander Cage','Xman@ier.com','Lorem ipsum dolor sit amet consectetur adipiscing elit. Vivamus dictum nunc nisl sit amet porttitor est convallis non. Ut commodo rutrum lacus non congue. Nullam sodales sed mi quis consectetur. Phasellus euismod mi ornare pellentesque congue. Phasellus scelerisque nisl ut venenatis facilisis. Sed ut euismod odio. Phasellus vitae eros eget augue tempus blandit in lobortis lacus.',300000,NULL,'Out Of This World',1,'2018-03-01 07:00:00','2018-03-01 00:00:00'),(20,'Everest','Xander Cage','Xman@ier.com','Lorem ipsum dolor sit amet consectetur adipiscing elit. Vivamus dictum nunc nisl sit amet porttitor est convallis non. Ut commodo rutrum lacus non congue. Nullam sodales sed mi quis consectetur. Phasellus euismod mi ornare pellentesque congue. Phasellus scelerisque nisl ut venenatis facilisis. Sed ut euismod odio. Phasellus vitae eros eget augue tempus blandit in lobortis lacus.',6000,'http://oregon.apwa.net/content/chapters/oregon.apwa.net/image/Chapter/Logos/MntGraphic.jpg','Adventure Consultants',2,'2018-03-01 07:00:00','2018-03-02 09:11:49'),(21,'Ana Purna','Xander Cage','Xman@ier.com','Lorem ipsum dolor sit amet consectetur adipiscing elit. Vivamus dictum nunc nisl sit amet porttitor est convallis non. Ut commodo rutrum lacus non congue. Nullam sodales sed mi quis consectetur. Phasellus euismod mi ornare pellentesque congue. Phasellus scelerisque nisl ut venenatis facilisis. Sed ut euismod odio. Phasellus vitae eros eget augue tempus blandit in lobortis lacus.',6000,'http://oregon.apwa.net/content/chapters/oregon.apwa.net/image/Chapter/Logos/MntGraphic.jpg','Adventure Consultants',2,'2018-03-01 07:00:00','2018-03-02 09:11:49'),(22,'Matterhorn','Xander Cage','Xman@ier.com','Lorem ipsum dolor sit amet consectetur adipiscing elit. Vivamus dictum nunc nisl sit amet porttitor est convallis non. Ut commodo rutrum lacus non congue. Nullam sodales sed mi quis consectetur. Phasellus euismod mi ornare pellentesque congue. Phasellus scelerisque nisl ut venenatis facilisis. Sed ut euismod odio. Phasellus vitae eros eget augue tempus blandit in lobortis lacus.',4000,'http://oregon.apwa.net/content/chapters/oregon.apwa.net/image/Chapter/Logos/MntGraphic.jpg','Adventure Consultants',2,'2018-03-01 07:00:00','2018-03-02 09:11:49'),(23,'Eiger','Xander Cage','Xman@ier.com','Lorem ipsum dolor sit amet consectetur adipiscing elit. Vivamus dictum nunc nisl sit amet porttitor est convallis non. Ut commodo rutrum lacus non congue. Nullam sodales sed mi quis consectetur. Phasellus euismod mi ornare pellentesque congue. Phasellus scelerisque nisl ut venenatis facilisis. Sed ut euismod odio. Phasellus vitae eros eget augue tempus blandit in lobortis lacus.',4000,'http://oregon.apwa.net/content/chapters/oregon.apwa.net/image/Chapter/Logos/MntGraphic.jpg','Adventure Consultants',2,'2018-03-01 07:00:00','2018-03-02 09:11:49'),(24,'Huang','Xander Cage','Xman@ier.com','Lorem ipsum dolor sit amet consectetur adipiscing elit. Vivamus dictum nunc nisl sit amet porttitor est convallis non. Ut commodo rutrum lacus non congue. Nullam sodales sed mi quis consectetur. Phasellus euismod mi ornare pellentesque congue. Phasellus scelerisque nisl ut venenatis facilisis. Sed ut euismod odio. Phasellus vitae eros eget augue tempus blandit in lobortis lacus.',4000,'http://oregon.apwa.net/content/chapters/oregon.apwa.net/image/Chapter/Logos/MntGraphic.jpg','Adventure Consultants',2,'2018-03-01 07:00:00','2018-03-02 09:11:49'),(25,'Kailash','Xander Cage','Xman@ier.com','Lorem ipsum dolor sit amet consectetur adipiscing elit. Vivamus dictum nunc nisl sit amet porttitor est convallis non. Ut commodo rutrum lacus non congue. Nullam sodales sed mi quis consectetur. Phasellus euismod mi ornare pellentesque congue. Phasellus scelerisque nisl ut venenatis facilisis. Sed ut euismod odio. Phasellus vitae eros eget augue tempus blandit in lobortis lacus.',10000,'http://oregon.apwa.net/content/chapters/oregon.apwa.net/image/Chapter/Logos/MntGraphic.jpg','Adventure Consultants',2,'2018-03-01 07:00:00','2018-03-02 09:11:49'),(26,'Everest','Xander Cage','Xman@ier.com','Lorem ipsum dolor sit amet consectetur adipiscing elit. Vivamus dictum nunc nisl sit amet porttitor est convallis non. Ut commodo rutrum lacus non congue. Nullam sodales sed mi quis consectetur. Phasellus euismod mi ornare pellentesque congue. Phasellus scelerisque nisl ut venenatis facilisis. Sed ut euismod odio. Phasellus vitae eros eget augue tempus blandit in lobortis lacus.',10000,'http://oregon.apwa.net/content/chapters/oregon.apwa.net/image/Chapter/Logos/MntGraphic.jpg','Mountain Madness',2,'2018-03-01 07:00:00','2018-03-02 09:11:49'),(27,'K2','Xander Cage','Xman@ier.com','Lorem ipsum dolor sit amet consectetur adipiscing elit. Vivamus dictum nunc nisl sit amet porttitor est convallis non. Ut commodo rutrum lacus non congue. Nullam sodales sed mi quis consectetur. Phasellus euismod mi ornare pellentesque congue. Phasellus scelerisque nisl ut venenatis facilisis. Sed ut euismod odio. Phasellus vitae eros eget augue tempus blandit in lobortis lacus.',10000,'http://oregon.apwa.net/content/chapters/oregon.apwa.net/image/Chapter/Logos/MntGraphic.jpg','Mountain Madness',2,'2018-03-01 07:00:00','2018-03-02 09:11:49'),(28,'Ana Purna','Xander Cage','Xman@ier.com','Lorem ipsum dolor sit amet consectetur adipiscing elit. Vivamus dictum nunc nisl sit amet porttitor est convallis non. Ut commodo rutrum lacus non congue. Nullam sodales sed mi quis consectetur. Phasellus euismod mi ornare pellentesque congue. Phasellus scelerisque nisl ut venenatis facilisis. Sed ut euismod odio. Phasellus vitae eros eget augue tempus blandit in lobortis lacus.',10000,'http://oregon.apwa.net/content/chapters/oregon.apwa.net/image/Chapter/Logos/MntGraphic.jpg','Mountain Madness',2,'2018-03-01 07:00:00','2018-03-02 09:11:49'),(29,'Denali','Xander Cage','Xman@ier.com','Lorem ipsum dolor sit amet consectetur adipiscing elit. Vivamus dictum nunc nisl sit amet porttitor est convallis non. Ut commodo rutrum lacus non congue. Nullam sodales sed mi quis consectetur. Phasellus euismod mi ornare pellentesque congue. Phasellus scelerisque nisl ut venenatis facilisis. Sed ut euismod odio. Phasellus vitae eros eget augue tempus blandit in lobortis lacus.',10000,'http://oregon.apwa.net/content/chapters/oregon.apwa.net/image/Chapter/Logos/MntGraphic.jpg','Mountain Madness',2,'2018-03-01 07:00:00','2018-03-02 09:11:49'),(30,'Kilamanjaro','Xander Cage','Xman@ier.com','Lorem ipsum dolor sit amet consectetur adipiscing elit. Vivamus dictum nunc nisl sit amet porttitor est convallis non. Ut commodo rutrum lacus non congue. Nullam sodales sed mi quis consectetur. Phasellus euismod mi ornare pellentesque congue. Phasellus scelerisque nisl ut venenatis facilisis. Sed ut euismod odio. Phasellus vitae eros eget augue tempus blandit in lobortis lacus.',10000,'http://oregon.apwa.net/content/chapters/oregon.apwa.net/image/Chapter/Logos/MntGraphic.jpg','Mountain Madness',2,'2018-03-01 07:00:00','2018-03-02 09:11:49'),(31,'Banff','Xander Cage','Xman@ier.com','Lorem ipsum dolor sit amet consectetur adipiscing elit. Vivamus dictum nunc nisl sit amet porttitor est convallis non. Ut commodo rutrum lacus non congue. Nullam sodales sed mi quis consectetur. Phasellus euismod mi ornare pellentesque congue. Phasellus scelerisque nisl ut venenatis facilisis. Sed ut euismod odio. Phasellus vitae eros eget augue tempus blandit in lobortis lacus.',300000,'http://oregon.apwa.net/content/chapters/oregon.apwa.net/image/Chapter/Logos/MntGraphic.jpg','Mountain Madness',2,'2018-03-01 07:00:00','2018-03-02 09:11:49'),(32,'Jackson Hole','Xander Cage','Xman@ier.com','Lorem ipsum dolor sit amet consectetur adipiscing elit. Vivamus dictum nunc nisl sit amet porttitor est convallis non. Ut commodo rutrum lacus non congue. Nullam sodales sed mi quis consectetur. Phasellus euismod mi ornare pellentesque congue. Phasellus scelerisque nisl ut venenatis facilisis. Sed ut euismod odio. Phasellus vitae eros eget augue tempus blandit in lobortis lacus.',20000,'https://www.whistler.com/images/og/whistler-heliskiing.jpg','Two Rotors No Problems',3,'2018-03-01 07:00:00','2018-03-02 09:14:51'),(33,'Breckenridge','Xander Cage','Xman@ier.com','Lorem ipsum dolor sit amet consectetur adipiscing elit. Vivamus dictum nunc nisl sit amet porttitor est convallis non. Ut commodo rutrum lacus non congue. Nullam sodales sed mi quis consectetur. Phasellus euismod mi ornare pellentesque congue. Phasellus scelerisque nisl ut venenatis facilisis. Sed ut euismod odio. Phasellus vitae eros eget augue tempus blandit in lobortis lacus.',20000,'https://www.whistler.com/images/og/whistler-heliskiing.jpg','Two Rotors No Problems',3,'2018-03-01 07:00:00','2018-03-02 09:14:51'),(34,'Vail','Xander Cage','Xman@ier.com','Lorem ipsum dolor sit amet consectetur adipiscing elit. Vivamus dictum nunc nisl sit amet porttitor est convallis non. Ut commodo rutrum lacus non congue. Nullam sodales sed mi quis consectetur. Phasellus euismod mi ornare pellentesque congue. Phasellus scelerisque nisl ut venenatis facilisis. Sed ut euismod odio. Phasellus vitae eros eget augue tempus blandit in lobortis lacus.',20000,'https://www.whistler.com/images/og/whistler-heliskiing.jpg','Two Rotors No Problems',3,'2018-03-01 07:00:00','2018-03-02 09:14:51'),(35,'A-Basin','Xander Cage','Xman@ier.com','Lorem ipsum dolor sit amet consectetur adipiscing elit. Vivamus dictum nunc nisl sit amet porttitor est convallis non. Ut commodo rutrum lacus non congue. Nullam sodales sed mi quis consectetur. Phasellus euismod mi ornare pellentesque congue. Phasellus scelerisque nisl ut venenatis facilisis. Sed ut euismod odio. Phasellus vitae eros eget augue tempus blandit in lobortis lacus.',20000,'https://www.whistler.com/images/og/whistler-heliskiing.jpg','Two Rotors No Problems',3,'2018-03-01 07:00:00','2018-03-02 09:14:51'),(36,'Yawgoo Valley','Xander Cage','Xman@ier.com','Lorem ipsum dolor sit amet consectetur adipiscing elit. Vivamus dictum nunc nisl sit amet porttitor est convallis non. Ut commodo rutrum lacus non congue. Nullam sodales sed mi quis consectetur. Phasellus euismod mi ornare pellentesque congue. Phasellus scelerisque nisl ut venenatis facilisis. Sed ut euismod odio. Phasellus vitae eros eget augue tempus blandit in lobortis lacus.',20000,'https://us.vonzipper.com/media/transfer/img/vz_wildlife_collection_yawgoons_strap_art_1170x402.jpg','Two Rotors No Problems',3,'2018-03-01 07:00:00','2018-03-02 09:44:23'),(37,'Banff','Xander Cage','Xman@ier.com','Lorem ipsum dolor sit amet consectetur adipiscing elit. Vivamus dictum nunc nisl sit amet porttitor est convallis non. Ut commodo rutrum lacus non congue. Nullam sodales sed mi quis consectetur. Phasellus euismod mi ornare pellentesque congue. Phasellus scelerisque nisl ut venenatis facilisis. Sed ut euismod odio. Phasellus vitae eros eget augue tempus blandit in lobortis lacus.',20000,'https://www.whistler.com/images/og/whistler-heliskiing.jpg','Two Rotors No Problems',3,'2018-03-01 07:00:00','2018-03-02 09:14:51'),(38,'Whistler','Xander Cage','Xman@ier.com','Lorem ipsum dolor sit amet consectetur adipiscing elit. Vivamus dictum nunc nisl sit amet porttitor est convallis non. Ut commodo rutrum lacus non congue. Nullam sodales sed mi quis consectetur. Phasellus euismod mi ornare pellentesque congue. Phasellus scelerisque nisl ut venenatis facilisis. Sed ut euismod odio. Phasellus vitae eros eget augue tempus blandit in lobortis lacus.',26000,'https://www.whistler.com/images/og/whistler-heliskiing.jpg','Two Rotors No Problems',3,'2018-03-01 07:00:00','2018-03-02 09:14:51'),(39,'Alps','Xander Cage','Xman@ier.com','Lorem ipsum dolor sit amet consectetur adipiscing elit. Vivamus dictum nunc nisl sit amet porttitor est convallis non. Ut commodo rutrum lacus non congue. Nullam sodales sed mi quis consectetur. Phasellus euismod mi ornare pellentesque congue. Phasellus scelerisque nisl ut venenatis facilisis. Sed ut euismod odio. Phasellus vitae eros eget augue tempus blandit in lobortis lacus.',26000,'https://www.whistler.com/images/og/whistler-heliskiing.jpg','Two Rotors No Problems',3,'2018-03-01 07:00:00','2018-03-02 09:14:51'),(40,'Everest','Xander Cage','Xman@ier.com','Lorem ipsum dolor sit amet consectetur adipiscing elit. Vivamus dictum nunc nisl sit amet porttitor est convallis non. Ut commodo rutrum lacus non congue. Nullam sodales sed mi quis consectetur. Phasellus euismod mi ornare pellentesque congue. Phasellus scelerisque nisl ut venenatis facilisis. Sed ut euismod odio. Phasellus vitae eros eget augue tempus blandit in lobortis lacus.',26000,'https://www.whistler.com/images/og/whistler-heliskiing.jpg','Two Rotors No Problems',3,'2018-03-01 07:00:00','2018-03-02 09:14:51'),(41,'K2','Xander Cage','Xman@ier.com','Lorem ipsum dolor sit amet consectetur adipiscing elit. Vivamus dictum nunc nisl sit amet porttitor est convallis non. Ut commodo rutrum lacus non congue. Nullam sodales sed mi quis consectetur. Phasellus euismod mi ornare pellentesque congue. Phasellus scelerisque nisl ut venenatis facilisis. Sed ut euismod odio. Phasellus vitae eros eget augue tempus blandit in lobortis lacus.',26000,'https://i.ytimg.com/vi/p81RoaEHbs4/maxresdefault.jpg','Macready Air',3,'2018-03-01 07:00:00','2018-03-02 09:16:48'),(42,'Denali','Xander Cage','Xman@ier.com','Lorem ipsum dolor sit amet consectetur adipiscing elit. Vivamus dictum nunc nisl sit amet porttitor est convallis non. Ut commodo rutrum lacus non congue. Nullam sodales sed mi quis consectetur. Phasellus euismod mi ornare pellentesque congue. Phasellus scelerisque nisl ut venenatis facilisis. Sed ut euismod odio. Phasellus vitae eros eget augue tempus blandit in lobortis lacus.',26000,'https://i.ytimg.com/vi/p81RoaEHbs4/maxresdefault.jpg','Macready Air',3,'2018-03-01 07:00:00','2018-03-02 09:16:48'),(43,'Antarctica','Xander Cage','Xman@ier.com','Lorem ipsum dolor sit amet consectetur adipiscing elit. Vivamus dictum nunc nisl sit amet porttitor est convallis non. Ut commodo rutrum lacus non congue. Nullam sodales sed mi quis consectetur. Phasellus euismod mi ornare pellentesque congue. Phasellus scelerisque nisl ut venenatis facilisis. Sed ut euismod odio. Phasellus vitae eros eget augue tempus blandit in lobortis lacus.',14000,'https://i.ytimg.com/vi/p81RoaEHbs4/maxresdefault.jpg','Macready Air',3,'2018-03-01 07:00:00','2018-03-02 09:16:48'),(44,'Silverthorne','Xander Cage','Xman@ier.com','Lorem ipsum dolor sit amet consectetur adipiscing elit. Vivamus dictum nunc nisl sit amet porttitor est convallis non. Ut commodo rutrum lacus non congue. Nullam sodales sed mi quis consectetur. Phasellus euismod mi ornare pellentesque congue. Phasellus scelerisque nisl ut venenatis facilisis. Sed ut euismod odio. Phasellus vitae eros eget augue tempus blandit in lobortis lacus.',14000,'https://i.ytimg.com/vi/p81RoaEHbs4/maxresdefault.jpg','Macready Air',3,'2018-03-01 07:00:00','2018-03-02 09:16:48'),(45,'Aspen','Xander Cage','Xman@ier.com','Lorem ipsum dolor sit amet consectetur adipiscing elit. Vivamus dictum nunc nisl sit amet porttitor est convallis non. Ut commodo rutrum lacus non congue. Nullam sodales sed mi quis consectetur. Phasellus euismod mi ornare pellentesque congue. Phasellus scelerisque nisl ut venenatis facilisis. Sed ut euismod odio. Phasellus vitae eros eget augue tempus blandit in lobortis lacus.',14000,'https://i.ytimg.com/vi/p81RoaEHbs4/maxresdefault.jpg','Macready Air',3,'2018-03-01 07:00:00','2018-03-02 09:16:48'),(46,'Gunnison','Xander Cage','Xman@ier.com','Lorem ipsum dolor sit amet consectetur adipiscing elit. Vivamus dictum nunc nisl sit amet porttitor est convallis non. Ut commodo rutrum lacus non congue. Nullam sodales sed mi quis consectetur. Phasellus euismod mi ornare pellentesque congue. Phasellus scelerisque nisl ut venenatis facilisis. Sed ut euismod odio. Phasellus vitae eros eget augue tempus blandit in lobortis lacus.',14000,'https://i.ytimg.com/vi/p81RoaEHbs4/maxresdefault.jpg','Macready Air',3,'2018-03-01 07:00:00','2018-03-02 09:16:48'),(47,'Crested Butte','Xander Cage','Xman@ier.com','Lorem ipsum dolor sit amet consectetur adipiscing elit. Vivamus dictum nunc nisl sit amet porttitor est convallis non. Ut commodo rutrum lacus non congue. Nullam sodales sed mi quis consectetur. Phasellus euismod mi ornare pellentesque congue. Phasellus scelerisque nisl ut venenatis facilisis. Sed ut euismod odio. Phasellus vitae eros eget augue tempus blandit in lobortis lacus.',14000,'https://i.ytimg.com/vi/p81RoaEHbs4/maxresdefault.jpg','Macready Air',3,'2018-03-01 07:00:00','2018-03-02 09:16:48'),(48,'Durango','Xander Cage','Xman@ier.com','Lorem ipsum dolor sit amet consectetur adipiscing elit. Vivamus dictum nunc nisl sit amet porttitor est convallis non. Ut commodo rutrum lacus non congue. Nullam sodales sed mi quis consectetur. Phasellus euismod mi ornare pellentesque congue. Phasellus scelerisque nisl ut venenatis facilisis. Sed ut euismod odio. Phasellus vitae eros eget augue tempus blandit in lobortis lacus.',14000,'https://i.ytimg.com/vi/p81RoaEHbs4/maxresdefault.jpg','Macready Air',3,'2018-03-01 07:00:00','2018-03-02 09:16:48'),(49,'Salida','Xander Cage','Xman@ier.com','Lorem ipsum dolor sit amet consectetur adipiscing elit. Vivamus dictum nunc nisl sit amet porttitor est convallis non. Ut commodo rutrum lacus non congue. Nullam sodales sed mi quis consectetur. Phasellus euismod mi ornare pellentesque congue. Phasellus scelerisque nisl ut venenatis facilisis. Sed ut euismod odio. Phasellus vitae eros eget augue tempus blandit in lobortis lacus.',14000,'https://i.ytimg.com/vi/p81RoaEHbs4/maxresdefault.jpg','Macready Air',3,'2018-03-01 07:00:00','2018-03-02 09:16:48'),(50,'Buena Vista','Xander Cage','Xman@ier.com','Lorem ipsum dolor sit amet consectetur adipiscing elit. Vivamus dictum nunc nisl sit amet porttitor est convallis non. Ut commodo rutrum lacus non congue. Nullam sodales sed mi quis consectetur. Phasellus euismod mi ornare pellentesque congue. Phasellus scelerisque nisl ut venenatis facilisis. Sed ut euismod odio. Phasellus vitae eros eget augue tempus blandit in lobortis lacus.',14000,'https://i.ytimg.com/vi/p81RoaEHbs4/maxresdefault.jpg','Macready Air',3,'2018-03-01 07:00:00','2018-03-02 09:16:48'),(51,'Vancouver','Xander Cage','Xman@ier.com','Lorem ipsum dolor sit amet consectetur adipiscing elit. Vivamus dictum nunc nisl sit amet porttitor est convallis non. Ut commodo rutrum lacus non congue. Nullam sodales sed mi quis consectetur. Phasellus euismod mi ornare pellentesque congue. Phasellus scelerisque nisl ut venenatis facilisis. Sed ut euismod odio. Phasellus vitae eros eget augue tempus blandit in lobortis lacus.',14000,'https://i.ytimg.com/vi/p81RoaEHbs4/maxresdefault.jpg','Macready Air',3,'2018-03-01 07:00:00','2018-03-02 09:16:48'),(52,'Divestravaganza','Xander Cage','Xman@ier.com','Lorem ipsum dolor sit amet consectetur adipiscing elit. Vivamus dictum nunc nisl sit amet porttitor est convallis non. Ut commodo rutrum lacus non congue. Nullam sodales sed mi quis consectetur. Phasellus euismod mi ornare pellentesque congue. Phasellus scelerisque nisl ut venenatis facilisis. Sed ut euismod odio. Phasellus vitae eros eget augue tempus blandit in lobortis lacus.',2000,NULL,'Shark Buddies',4,'2018-03-01 07:00:00','2018-03-01 00:00:00'),(53,'Nuclear Wrecks','Xander Cage','Xman@ier.com','Lorem ipsum dolor sit amet consectetur adipiscing elit. Vivamus dictum nunc nisl sit amet porttitor est convallis non. Ut commodo rutrum lacus non congue. Nullam sodales sed mi quis consectetur. Phasellus euismod mi ornare pellentesque congue. Phasellus scelerisque nisl ut venenatis facilisis. Sed ut euismod odio. Phasellus vitae eros eget augue tempus blandit in lobortis lacus.',2000,NULL,'Shark Buddies',4,'2018-03-01 07:00:00','2018-03-01 00:00:00'),(54,'WW2 Wrecks','Xander Cage','Xman@ier.com','Lorem ipsum dolor sit amet consectetur adipiscing elit. Vivamus dictum nunc nisl sit amet porttitor est convallis non. Ut commodo rutrum lacus non congue. Nullam sodales sed mi quis consectetur. Phasellus euismod mi ornare pellentesque congue. Phasellus scelerisque nisl ut venenatis facilisis. Sed ut euismod odio. Phasellus vitae eros eget augue tempus blandit in lobortis lacus.',2000,'http://www.oceanwideimages.com/images/2571/large/world-war-ii-japanese-tanks-24M2822-07.jpg','Shark Buddies',4,'2018-03-01 07:00:00','2018-03-02 09:18:24'),(55,'Titanic Dive','Xander Cage','Xman@ier.com','Lorem ipsum dolor sit amet consectetur adipiscing elit. Vivamus dictum nunc nisl sit amet porttitor est convallis non. Ut commodo rutrum lacus non congue. Nullam sodales sed mi quis consectetur. Phasellus euismod mi ornare pellentesque congue. Phasellus scelerisque nisl ut venenatis facilisis. Sed ut euismod odio. Phasellus vitae eros eget augue tempus blandit in lobortis lacus.',2000,'https://vignette.wikia.nocookie.net/titanic/images/9/9b/Titanic-ship-wreck-bow.jpg/revision/latest?cb=20150210084455','Shark Buddies',4,'2018-03-01 07:00:00','2018-03-02 09:22:06'),(56,'Sharktapus Search','Xander Cage','Xman@ier.com','Lorem ipsum dolor sit amet consectetur adipiscing elit. Vivamus dictum nunc nisl sit amet porttitor est convallis non. Ut commodo rutrum lacus non congue. Nullam sodales sed mi quis consectetur. Phasellus euismod mi ornare pellentesque congue. Phasellus scelerisque nisl ut venenatis facilisis. Sed ut euismod odio. Phasellus vitae eros eget augue tempus blandit in lobortis lacus.',2000,NULL,'Shark Buddies',4,'2018-03-01 07:00:00','2018-03-01 00:00:00'),(57,'UnderWater Tornado','Xander Cage','Xman@ier.com','Lorem ipsum dolor sit amet consectetur adipiscing elit. Vivamus dictum nunc nisl sit amet porttitor est convallis non. Ut commodo rutrum lacus non congue. Nullam sodales sed mi quis consectetur. Phasellus euismod mi ornare pellentesque congue. Phasellus scelerisque nisl ut venenatis facilisis. Sed ut euismod odio. Phasellus vitae eros eget augue tempus blandit in lobortis lacus.',2000,NULL,'Shark Buddies',4,'2018-03-01 07:00:00','2018-03-01 00:00:00'),(58,'Spear Fishing Adventure','Xander Cage','Xman@ier.com','Lorem ipsum dolor sit amet consectetur adipiscing elit. Vivamus dictum nunc nisl sit amet porttitor est convallis non. Ut commodo rutrum lacus non congue. Nullam sodales sed mi quis consectetur. Phasellus euismod mi ornare pellentesque congue. Phasellus scelerisque nisl ut venenatis facilisis. Sed ut euismod odio. Phasellus vitae eros eget augue tempus blandit in lobortis lacus.',3000,'http://www.beingjamesbond.com/wp-content/uploads/2015/02/scuba.jpg','Shark Buddies',4,'2018-03-01 07:00:00','2018-03-02 09:24:18'),(59,'Meeting Marlin','Xander Cage','Xman@ier.com','Lorem ipsum dolor sit amet consectetur adipiscing elit. Vivamus dictum nunc nisl sit amet porttitor est convallis non. Ut commodo rutrum lacus non congue. Nullam sodales sed mi quis consectetur. Phasellus euismod mi ornare pellentesque congue. Phasellus scelerisque nisl ut venenatis facilisis. Sed ut euismod odio. Phasellus vitae eros eget augue tempus blandit in lobortis lacus.',400,NULL,'Shark Buddies',4,'2018-03-01 07:00:00','2018-03-01 00:00:00'),(60,'Marianas Trench','Xander Cage','Xman@ier.com','Lorem ipsum dolor sit amet consectetur adipiscing elit. Vivamus dictum nunc nisl sit amet porttitor est convallis non. Ut commodo rutrum lacus non congue. Nullam sodales sed mi quis consectetur. Phasellus euismod mi ornare pellentesque congue. Phasellus scelerisque nisl ut venenatis facilisis. Sed ut euismod odio. Phasellus vitae eros eget augue tempus blandit in lobortis lacus.',4000,NULL,'Shark Buddies',4,'2018-03-01 07:00:00','2018-03-01 00:00:00'),(61,'Cuddly Crabs','Xander Cage','Xman@ier.com','Lorem ipsum dolor sit amet consectetur adipiscing elit. Vivamus dictum nunc nisl sit amet porttitor est convallis non. Ut commodo rutrum lacus non congue. Nullam sodales sed mi quis consectetur. Phasellus euismod mi ornare pellentesque congue. Phasellus scelerisque nisl ut venenatis facilisis. Sed ut euismod odio. Phasellus vitae eros eget augue tempus blandit in lobortis lacus.',3000,NULL,'Shark Buddies',4,'2018-03-01 07:00:00','2018-03-01 00:00:00'),(62,'Loving Lobsters','Xander Cage','Xman@ier.com','Lorem ipsum dolor sit amet consectetur adipiscing elit. Vivamus dictum nunc nisl sit amet porttitor est convallis non. Ut commodo rutrum lacus non congue. Nullam sodales sed mi quis consectetur. Phasellus euismod mi ornare pellentesque congue. Phasellus scelerisque nisl ut venenatis facilisis. Sed ut euismod odio. Phasellus vitae eros eget augue tempus blandit in lobortis lacus.',400,NULL,'Shark Buddies',4,'2018-03-01 07:00:00','2018-03-01 00:00:00'),(63,'Steve Irwin Stingray Experience','Xander Cage','Xman@ier.com','Lorem ipsum dolor sit amet consectetur adipiscing elit. Vivamus dictum nunc nisl sit amet porttitor est convallis non. Ut commodo rutrum lacus non congue. Nullam sodales sed mi quis consectetur. Phasellus euismod mi ornare pellentesque congue. Phasellus scelerisque nisl ut venenatis facilisis. Sed ut euismod odio. Phasellus vitae eros eget augue tempus blandit in lobortis lacus.',4000,'https://nerdist.com/wp-content/uploads/2016/11/IrwinDay_FEAT.jpg','Shark Buddies',4,'2018-03-01 07:00:00','2018-03-02 09:22:49'),(64,'Saltwater Crocs','Xander Cage','Xman@ier.com','Lorem ipsum dolor sit amet consectetur adipiscing elit. Vivamus dictum nunc nisl sit amet porttitor est convallis non. Ut commodo rutrum lacus non congue. Nullam sodales sed mi quis consectetur. Phasellus euismod mi ornare pellentesque congue. Phasellus scelerisque nisl ut venenatis facilisis. Sed ut euismod odio. Phasellus vitae eros eget augue tempus blandit in lobortis lacus.',2000,NULL,'Yellow Submariners',4,'2018-03-01 07:00:00','2018-03-01 00:00:00'),(65,'Avatar: The Phosperecent Origins','Xander Cage','Xman@ier.com','Lorem ipsum dolor sit amet consectetur adipiscing elit. Vivamus dictum nunc nisl sit amet porttitor est convallis non. Ut commodo rutrum lacus non congue. Nullam sodales sed mi quis consectetur. Phasellus euismod mi ornare pellentesque congue. Phasellus scelerisque nisl ut venenatis facilisis. Sed ut euismod odio. Phasellus vitae eros eget augue tempus blandit in lobortis lacus.',2000,NULL,'Yellow Submariners',4,'2018-03-01 07:00:00','2018-03-01 00:00:00'),(66,'Coral-copia','Xander Cage','Xman@ier.com','Lorem ipsum dolor sit amet consectetur adipiscing elit. Vivamus dictum nunc nisl sit amet porttitor est convallis non. Ut commodo rutrum lacus non congue. Nullam sodales sed mi quis consectetur. Phasellus euismod mi ornare pellentesque congue. Phasellus scelerisque nisl ut venenatis facilisis. Sed ut euismod odio. Phasellus vitae eros eget augue tempus blandit in lobortis lacus.',2000,NULL,'Yellow Submariners',4,'2018-03-01 07:00:00','2018-03-01 00:00:00'),(67,'Deep Water Winning','Xander Cage','Xman@ier.com','Lorem ipsum dolor sit amet consectetur adipiscing elit. Vivamus dictum nunc nisl sit amet porttitor est convallis non. Ut commodo rutrum lacus non congue. Nullam sodales sed mi quis consectetur. Phasellus euismod mi ornare pellentesque congue. Phasellus scelerisque nisl ut venenatis facilisis. Sed ut euismod odio. Phasellus vitae eros eget augue tempus blandit in lobortis lacus.',3000,NULL,'Yellow Submariners',4,'2018-03-01 07:00:00','2018-03-01 00:00:00'),(68,'Angler Fish Need Love Too','Xander Cage','Xman@ier.com','Lorem ipsum dolor sit amet consectetur adipiscing elit. Vivamus dictum nunc nisl sit amet porttitor est convallis non. Ut commodo rutrum lacus non congue. Nullam sodales sed mi quis consectetur. Phasellus euismod mi ornare pellentesque congue. Phasellus scelerisque nisl ut venenatis facilisis. Sed ut euismod odio. Phasellus vitae eros eget augue tempus blandit in lobortis lacus.',400,NULL,'Yellow Submariners',4,'2018-03-01 07:00:00','2018-03-01 00:00:00'),(69,'Mediteranean Mussels','Xander Cage','Xman@ier.com','Lorem ipsum dolor sit amet consectetur adipiscing elit. Vivamus dictum nunc nisl sit amet porttitor est convallis non. Ut commodo rutrum lacus non congue. Nullam sodales sed mi quis consectetur. Phasellus euismod mi ornare pellentesque congue. Phasellus scelerisque nisl ut venenatis facilisis. Sed ut euismod odio. Phasellus vitae eros eget augue tempus blandit in lobortis lacus.',4000,NULL,'Yellow Submariners',4,'2018-03-01 07:00:00','2018-03-01 00:00:00'),(70,'Barbary Coast Halibut Harems','Xander Cage','Xman@ier.com','Lorem ipsum dolor sit amet consectetur adipiscing elit. Vivamus dictum nunc nisl sit amet porttitor est convallis non. Ut commodo rutrum lacus non congue. Nullam sodales sed mi quis consectetur. Phasellus euismod mi ornare pellentesque congue. Phasellus scelerisque nisl ut venenatis facilisis. Sed ut euismod odio. Phasellus vitae eros eget augue tempus blandit in lobortis lacus.',3000,NULL,'Yellow Submariners',4,'2018-03-01 07:00:00','2018-03-01 00:00:00'),(71,'Pearl Diving in St. Tropez','Xander Cage','Xman@ier.com','Lorem ipsum dolor sit amet consectetur adipiscing elit. Vivamus dictum nunc nisl sit amet porttitor est convallis non. Ut commodo rutrum lacus non congue. Nullam sodales sed mi quis consectetur. Phasellus euismod mi ornare pellentesque congue. Phasellus scelerisque nisl ut venenatis facilisis. Sed ut euismod odio. Phasellus vitae eros eget augue tempus blandit in lobortis lacus.',400,NULL,'Yellow Submariners',4,'2018-03-01 07:00:00','2018-03-01 00:00:00'),(72,'K2 Collision','Xander Cage','Xman@ier.com','Lorem ipsum dolor sit amet consectetur adipiscing elit. Vivamus dictum nunc nisl sit amet porttitor est convallis non. Ut commodo rutrum lacus non congue. Nullam sodales sed mi quis consectetur. Phasellus euismod mi ornare pellentesque congue. Phasellus scelerisque nisl ut venenatis facilisis. Sed ut euismod odio. Phasellus vitae eros eget augue tempus blandit in lobortis lacus.',4000,'https://i.ytimg.com/vi/9OBo8tsOGqU/maxresdefault.jpg','Inertial Imperative',5,'2018-03-01 07:00:00','2018-03-02 09:26:13'),(73,'Crashing Crested Butte','Xander Cage','Xman@ier.com','Lorem ipsum dolor sit amet consectetur adipiscing elit. Vivamus dictum nunc nisl sit amet porttitor est convallis non. Ut commodo rutrum lacus non congue. Nullam sodales sed mi quis consectetur. Phasellus euismod mi ornare pellentesque congue. Phasellus scelerisque nisl ut venenatis facilisis. Sed ut euismod odio. Phasellus vitae eros eget augue tempus blandit in lobortis lacus.',2000,'https://i.ytimg.com/vi/9OBo8tsOGqU/maxresdefault.jpg','Inertial Imperative',5,'2018-03-01 07:00:00','2018-03-02 09:26:13'),(74,'Forest Fiesta','Xander Cage','Xman@ier.com','Lorem ipsum dolor sit amet consectetur adipiscing elit. Vivamus dictum nunc nisl sit amet porttitor est convallis non. Ut commodo rutrum lacus non congue. Nullam sodales sed mi quis consectetur. Phasellus euismod mi ornare pellentesque congue. Phasellus scelerisque nisl ut venenatis facilisis. Sed ut euismod odio. Phasellus vitae eros eget augue tempus blandit in lobortis lacus.',2000,'https://i.ytimg.com/vi/9OBo8tsOGqU/maxresdefault.jpg','Inertial Imperative',5,'2018-03-01 07:00:00','2018-03-02 09:26:13'),(75,'KilamanjaroRace','Xander Cage','Xman@ier.com','Lorem ipsum dolor sit amet consectetur adipiscing elit. Vivamus dictum nunc nisl sit amet porttitor est convallis non. Ut commodo rutrum lacus non congue. Nullam sodales sed mi quis consectetur. Phasellus euismod mi ornare pellentesque congue. Phasellus scelerisque nisl ut venenatis facilisis. Sed ut euismod odio. Phasellus vitae eros eget augue tempus blandit in lobortis lacus.',2000,'https://i.ytimg.com/vi/9OBo8tsOGqU/maxresdefault.jpg','Inertial Imperative',5,'2018-03-01 07:00:00','2018-03-02 09:26:13'),(76,'Cecil the Lion Memorial Downhill','Xander Cage','Xman@ier.com','Lorem ipsum dolor sit amet consectetur adipiscing elit. Vivamus dictum nunc nisl sit amet porttitor est convallis non. Ut commodo rutrum lacus non congue. Nullam sodales sed mi quis consectetur. Phasellus euismod mi ornare pellentesque congue. Phasellus scelerisque nisl ut venenatis facilisis. Sed ut euismod odio. Phasellus vitae eros eget augue tempus blandit in lobortis lacus.',2000,'https://i.ytimg.com/vi/9OBo8tsOGqU/maxresdefault.jpg','Inertial Imperative',5,'2018-03-01 07:00:00','2018-03-02 09:26:13'),(77,'eXtreme Unicycling','Xander Cage','Xman@ier.com','Lorem ipsum dolor sit amet consectetur adipiscing elit. Vivamus dictum nunc nisl sit amet porttitor est convallis non. Ut commodo rutrum lacus non congue. Nullam sodales sed mi quis consectetur. Phasellus euismod mi ornare pellentesque congue. Phasellus scelerisque nisl ut venenatis facilisis. Sed ut euismod odio. Phasellus vitae eros eget augue tempus blandit in lobortis lacus.',2000,'https://i.ytimg.com/vi/9OBo8tsOGqU/maxresdefault.jpg','Inertial Imperative',5,'2018-03-01 07:00:00','2018-03-02 09:26:13'),(78,'Who need two wheels?','Xander Cage','Xman@ier.com','Lorem ipsum dolor sit amet consectetur adipiscing elit. Vivamus dictum nunc nisl sit amet porttitor est convallis non. Ut commodo rutrum lacus non congue. Nullam sodales sed mi quis consectetur. Phasellus euismod mi ornare pellentesque congue. Phasellus scelerisque nisl ut venenatis facilisis. Sed ut euismod odio. Phasellus vitae eros eget augue tempus blandit in lobortis lacus.',2000,'https://i.ytimg.com/vi/9OBo8tsOGqU/maxresdefault.jpg','Inertial Imperative',5,'2018-03-01 07:00:00','2018-03-02 09:26:13'),(79,'Tricycle Tots: Toddlers Only','Xander Cage','Xman@ier.com','Lorem ipsum dolor sit amet consectetur adipiscing elit. Vivamus dictum nunc nisl sit amet porttitor est convallis non. Ut commodo rutrum lacus non congue. Nullam sodales sed mi quis consectetur. Phasellus euismod mi ornare pellentesque congue. Phasellus scelerisque nisl ut venenatis facilisis. Sed ut euismod odio. Phasellus vitae eros eget augue tempus blandit in lobortis lacus.',3000,'https://i.ytimg.com/vi/9OBo8tsOGqU/maxresdefault.jpg','Inertial Imperative',5,'2018-03-01 07:00:00','2018-03-02 09:26:13'),(80,'Tandem Downhill Racing','Xander Cage','Xman@ier.com','Lorem ipsum dolor sit amet consectetur adipiscing elit. Vivamus dictum nunc nisl sit amet porttitor est convallis non. Ut commodo rutrum lacus non congue. Nullam sodales sed mi quis consectetur. Phasellus euismod mi ornare pellentesque congue. Phasellus scelerisque nisl ut venenatis facilisis. Sed ut euismod odio. Phasellus vitae eros eget augue tempus blandit in lobortis lacus.',400,'https://i.ytimg.com/vi/9OBo8tsOGqU/maxresdefault.jpg','Inertial Imperative',5,'2018-03-01 07:00:00','2018-03-02 09:26:13'),(81,'Presidential Time Trial','Xander Cage','Xman@ier.com','Lorem ipsum dolor sit amet consectetur adipiscing elit. Vivamus dictum nunc nisl sit amet porttitor est convallis non. Ut commodo rutrum lacus non congue. Nullam sodales sed mi quis consectetur. Phasellus euismod mi ornare pellentesque congue. Phasellus scelerisque nisl ut venenatis facilisis. Sed ut euismod odio. Phasellus vitae eros eget augue tempus blandit in lobortis lacus.',4000,'https://i.ytimg.com/vi/9OBo8tsOGqU/maxresdefault.jpg','Inertial Imperative',5,'2018-03-01 07:00:00','2018-03-02 09:26:13'),(82,'No Brakes Survival Challenge','Xander Cage','Xman@ier.com','Lorem ipsum dolor sit amet consectetur adipiscing elit. Vivamus dictum nunc nisl sit amet porttitor est convallis non. Ut commodo rutrum lacus non congue. Nullam sodales sed mi quis consectetur. Phasellus euismod mi ornare pellentesque congue. Phasellus scelerisque nisl ut venenatis facilisis. Sed ut euismod odio. Phasellus vitae eros eget augue tempus blandit in lobortis lacus.',3000,'https://i.ytimg.com/vi/9OBo8tsOGqU/maxresdefault.jpg','Inertial Imperative',5,'2018-03-01 07:00:00','2018-03-02 09:26:13'),(83,'Cactus Friends Moab Endurance','Xander Cage','Xman@ier.com','Lorem ipsum dolor sit amet consectetur adipiscing elit. Vivamus dictum nunc nisl sit amet porttitor est convallis non. Ut commodo rutrum lacus non congue. Nullam sodales sed mi quis consectetur. Phasellus euismod mi ornare pellentesque congue. Phasellus scelerisque nisl ut venenatis facilisis. Sed ut euismod odio. Phasellus vitae eros eget augue tempus blandit in lobortis lacus.',400,'https://i.ytimg.com/vi/9OBo8tsOGqU/maxresdefault.jpg','Inertial Imperative',5,'2018-03-01 07:00:00','2018-03-02 09:26:13'),(84,'Endless Summer Cross Country','Xander Cage','Xman@ier.com','Lorem ipsum dolor sit amet consectetur adipiscing elit. Vivamus dictum nunc nisl sit amet porttitor est convallis non. Ut commodo rutrum lacus non congue. Nullam sodales sed mi quis consectetur. Phasellus euismod mi ornare pellentesque congue. Phasellus scelerisque nisl ut venenatis facilisis. Sed ut euismod odio. Phasellus vitae eros eget augue tempus blandit in lobortis lacus.',4000,'https://i.ytimg.com/vi/9OBo8tsOGqU/maxresdefault.jpg','Gravity Groupies',5,'2018-03-01 07:00:00','2018-03-02 09:26:13'),(85,'Rock the Rockies','Xander Cage','Xman@ier.com','Lorem ipsum dolor sit amet consectetur adipiscing elit. Vivamus dictum nunc nisl sit amet porttitor est convallis non. Ut commodo rutrum lacus non congue. Nullam sodales sed mi quis consectetur. Phasellus euismod mi ornare pellentesque congue. Phasellus scelerisque nisl ut venenatis facilisis. Sed ut euismod odio. Phasellus vitae eros eget augue tempus blandit in lobortis lacus.',2000,'https://i.ytimg.com/vi/9OBo8tsOGqU/maxresdefault.jpg','Gravity Groupies',5,'2018-03-01 07:00:00','2018-03-02 09:26:13'),(86,'AT Endurance Trial','Xander Cage','Xman@ier.com','Lorem ipsum dolor sit amet consectetur adipiscing elit. Vivamus dictum nunc nisl sit amet porttitor est convallis non. Ut commodo rutrum lacus non congue. Nullam sodales sed mi quis consectetur. Phasellus euismod mi ornare pellentesque congue. Phasellus scelerisque nisl ut venenatis facilisis. Sed ut euismod odio. Phasellus vitae eros eget augue tempus blandit in lobortis lacus.',2000,'https://i.ytimg.com/vi/9OBo8tsOGqU/maxresdefault.jpg','Gravity Groupies',5,'2018-03-01 07:00:00','2018-03-02 09:26:13'),(87,'PCT Endurance Trial','Xander Cage','Xman@ier.com','Lorem ipsum dolor sit amet consectetur adipiscing elit. Vivamus dictum nunc nisl sit amet porttitor est convallis non. Ut commodo rutrum lacus non congue. Nullam sodales sed mi quis consectetur. Phasellus euismod mi ornare pellentesque congue. Phasellus scelerisque nisl ut venenatis facilisis. Sed ut euismod odio. Phasellus vitae eros eget augue tempus blandit in lobortis lacus.',2000,'https://i.ytimg.com/vi/9OBo8tsOGqU/maxresdefault.jpg','Gravity Groupies',5,'2018-03-01 07:00:00','2018-03-02 09:26:13'),(88,'CDT Endurance Trial','Xander Cage','Xman@ier.com','Lorem ipsum dolor sit amet consectetur adipiscing elit. Vivamus dictum nunc nisl sit amet porttitor est convallis non. Ut commodo rutrum lacus non congue. Nullam sodales sed mi quis consectetur. Phasellus euismod mi ornare pellentesque congue. Phasellus scelerisque nisl ut venenatis facilisis. Sed ut euismod odio. Phasellus vitae eros eget augue tempus blandit in lobortis lacus.',3000,'https://i.ytimg.com/vi/9OBo8tsOGqU/maxresdefault.jpg','Gravity Groupies',5,'2018-03-01 07:00:00','2018-03-02 09:26:13'),(89,'To Hell and Back: Annual Sahara Desert Round Trip Race','Xander Cage','Xman@ier.com','Lorem ipsum dolor sit amet consectetur adipiscing elit. Vivamus dictum nunc nisl sit amet porttitor est convallis non. Ut commodo rutrum lacus non congue. Nullam sodales sed mi quis consectetur. Phasellus euismod mi ornare pellentesque congue. Phasellus scelerisque nisl ut venenatis facilisis. Sed ut euismod odio. Phasellus vitae eros eget augue tempus blandit in lobortis lacus.',400,'https://i.ytimg.com/vi/9OBo8tsOGqU/maxresdefault.jpg','Gravity Groupies',5,'2018-03-01 07:00:00','2018-03-02 09:26:13'),(90,'Everest Downhill Survival Challenge','Xander Cage','Xman@ier.com','Lorem ipsum dolor sit amet consectetur adipiscing elit. Vivamus dictum nunc nisl sit amet porttitor est convallis non. Ut commodo rutrum lacus non congue. Nullam sodales sed mi quis consectetur. Phasellus euismod mi ornare pellentesque congue. Phasellus scelerisque nisl ut venenatis facilisis. Sed ut euismod odio. Phasellus vitae eros eget augue tempus blandit in lobortis lacus.',4000,'https://i.ytimg.com/vi/9OBo8tsOGqU/maxresdefault.jpg','Gravity Groupies',5,'2018-03-01 07:00:00','2018-03-02 09:26:13');
/*!40000 ALTER TABLE `post` ENABLE KEYS */;
UNLOCK TABLES;
/*!40103 SET TIME_ZONE=@OLD_TIME_ZONE */;

/*!40101 SET SQL_MODE=@OLD_SQL_MODE */;
/*!40014 SET FOREIGN_KEY_CHECKS=@OLD_FOREIGN_KEY_CHECKS */;
/*!40014 SET UNIQUE_CHECKS=@OLD_UNIQUE_CHECKS */;
/*!40101 SET CHARACTER_SET_CLIENT=@OLD_CHARACTER_SET_CLIENT */;
/*!40101 SET CHARACTER_SET_RESULTS=@OLD_CHARACTER_SET_RESULTS */;
/*!40101 SET COLLATION_CONNECTION=@OLD_COLLATION_CONNECTION */;
/*!40111 SET SQL_NOTES=@OLD_SQL_NOTES */;